<?xml version="1.0" encoding="UTF-8"?><!DOCTYPE log4j:configuration SYSTEM "log4j.dtd"><log4j:configuration xmlns:log4j="http://jakarta.apache.org/log4j/">	<appender name="FILE" class="org.apache.log4j.rolling.RollingFileAppender">		<param name="append" value="true" />		<param name="encoding" value="UTF-8" />		<rollingPolicy class="com.altiux.logger.CustomWindowRollingPolicy">			<param name="FileNamePattern" value="D:/log//test3_%i.log" />aram name="MinIndex" value="1" />			<param name="MaxIndex" value="10" />			<param name="activeFileName" value="D:/log//test3.log" /></rollingPolicy>		<triggeringPolicy class="org.apache.log4j.rolling.SizeBasedTriggeringPolicy">			<param name="MaxFileSize" value="4194304" />		</triggeringPolicy>		<layout class="org.apache.log4j.EnhancedPatternLayout">			<param name="ConversionPattern" value="%-5p	|	%d.%m%n" />		</layout>	</appender>	<logger name="File_logger">		<level value="debug" />	</logger>	<root>		<priority value="debug" />		<appender-ref ref="FILE" />	</root></log4j:configuration>