<?xml version="1.0" encoding="UTF-8"?>
<beans xmlns="http://www.springframework.org/schema/beans"
	xmlns:xsi="http://www.w3.org/2001/XMLSchema-instance"
	xsi:schemaLocation="http://www.springframework.org/schema/beans http://www.springframework.org/schema/beans/spring-beans.xsd">
	<bean id="viewResolver"
		class="org.springframework.web.servlet.view.InternalResourceViewResolver">
		<property name="prefix">
			<value>/WEB-INF/jsp/</value>
		</property>
		<property name="suffix">
			<value>.jsp</value>
		</property>
	</bean>
	<bean id="mydatasource" class="org.apache.commons.dbcp.BasicDataSource">
		<property name="driverClassName" value="com.mysql.jdbc.Driver" />
		<property name="url" value="jdbc:mysql://localhost:3306/mydatabase" />
		<property name="username" value="root" />
		<property name="password" value="root" />

	</bean>
	<bean id="mysessionfactory"
		class="org.springframework.orm.hibernate3.LocalSessionFactoryBean">
		<property name="dataSource" ref="mydatasource" />
		<property name="hibernateProperties">
			<props>
				<prop key="hibernate.dialect">org.hibernate.dialect.MySQLDialect</prop>
				<prop key="hibernate.show_sql">true</prop>
				<prop key="hibernate.hbm2ddl.auto">update</prop>
				<prop key="hibernate.current_session_context_class">thread</prop>
				<prop key="hibernate.c3p0.min_size">5</prop>
				<prop key="hibernate.c3p0.max_size">20</prop>
				<prop key="hibernate.c3p0.timeout">10000</prop>
				<prop key="hibernate.c3p0.max_statements">50</prop>
				<prop key="connection.provider_class">org.hibernate.connection.C3P0ConnectionProvider
				</prop>
				<prop key="hibernate.connection.datasource">java:/comp/env/jdbc/test</prop>
			</props>
		</property>
	</bean>
	<bean id="hibernatetemplate" class="org.springframework.orm.hibernate3.HibernateTemplate">
		<property name="sessionFactory" ref="mysessionfactory" />
	</bean>
	<bean name="/loginpage.html" class="unaas.controller.Servicecontroller"></bean>
	<bean name="/checkuserdetails.html" class="unaas.controller.Servicecontroller"></bean>
	<bean name="/keycloakauth.html" class="unaas.controller.Servicecontroller"></bean>
</beans>